departamento,valle_del_cauca,vias_departamentales_decreto,nombre_v_a_decreto_no_0216,sub_region,micro_region,municipios,categor_a,longitud_m,longitud_km,escarpado,monta_oso,ondulado,plano,destapado,afirmado,pavimento_asfaltico,tratamiento_superficial,pavimento_r_gido,placa_huella,pavimento_articulado,otro,bueno,regular,malo,p_simo,intransitable
1,VALLE DEL CAUCA,3201,VIA SIMON BOLIVAR (KM21- KM 30 (BORRERO AYERBE) - QUEREMAL - DANUBIO - AGUA CLARA - BUENAVENTURA (EL PAILÓN)),Pacifico - Sur,Pacifico - Sur - Cali,Buenaventura - Dagua,2,109527.9864,109.5279864,39437.37185,7971.964578,23255.88884,38862.76106,6947.075249,44530.80186,51366.35425,99.57213041,6535.900022,48.28281136,0.0,0.0,39315.2793,38366.11978,23819.57179,8027.015451,0.0
2,VALLE DEL CAUCA,3401,PALMIRA - TIENDA NUEVA - POTRERILLO - VIA HACIA EL TOLIMA,Sur,Sur- Palmira,Palmira,2,54271.85935,54.27185935,17208.89374,4425.036263,10408.83545,22229.0939,0.0,42417.47882,11589.569,0.0,106.6078292,0.0,158.2037011,0.0,22757.31097,27560.59916,3696.565446,257.3837781,0.0
3,VALLE DEL CAUCA,05VL04,BUENAVENTURA (CRUCE RUTA 4001 GALLINERO) - CRUCE AGUA DULCE,Pacifico,Pacifico,Buenaventura,1,7136.523384,7.136523384,854.1621504,292.5468901,1075.826565,4913.987779,0.0,85.36760212,7051.155782,0.0,0.0,0.0,0.0,0.0,6297.291464,819.9253448,19.30657482,0.0,0.0
4,VALLE DEL CAUCA,05VL04-1,CRUCE  AGUA DULCE - BAHIA MALAGA,Pacifico,Pacifico,Buenaventura,2,97810.32093,97.81032093,5804.453196,3216.949922,9910.199459,78878.71835,51163.95331,45179.74993,0.0,0.0,29.13990482,1437.477777,0.0,0.0,1422.391551,10734.90627,26536.13884,8792.944543,50323.93972
5,VALLE DEL CAUCA,19VL01,RAMAL A DAGUA,Sur,Sur- Cali,Dagua,2,1405.90419,1.40590419,462.9335617,89.86775307,235.0182911,618.0845843,0.0,100.1364772,1305.767713,0.0,0.0,0.0,0.0,0.0,396.353367,1009.550823,0.0,0.0,0.0
6,VALLE DEL CAUCA,19VL02,CRUCE RUTA 1901 - BITACO - LA CUMBRE - PAVAS - RESTREPO,Centro - Sur,Centro Buga/ Sur- Cali,Restrepo - La Cumbre - Dagua,2,43608.32288,43.60832288,10943.47049,3389.818401,7217.516746,22057.51724,412.052494,9122.7971,32447.63514,93.38292002,1532.455221,0.0,0.0,0.0,5474.919236,28427.54696,8645.014668,1060.842014,0.0
7,VALLE DEL CAUCA,23VL02,YUMBO - LA CUMBRE,Sur,Sur- Cali,La Cumbre - Yumbo,2,16690.06297,16.69006297,4242.996951,3866.000773,4409.533092,4171.532142,0.0,95.8235713,98.09314821,92.76712196,16403.37912,0.0,0.0,0.0,4753.471372,8171.359846,3566.898578,198.3331618,0.0
8,VALLE DEL CAUCA,23VL04,VIJES - RESTREPO,Centro - Sur,Centro - Buga / Sur Cali,Restrepo - Vijes,2,28299.50462,28.29950462,12149.798,1710.165369,4412.307935,10027.23332,786.7886013,15823.08397,11281.08531,96.37427169,0.0,312.1724692,0.0,0.0,4753.247853,12304.69664,10356.3951,885.165024,0.0
9,VALLE DEL CAUCA,23VL09,ROLDANILLO - EL DOVIO,Centro- Norte,Centro - Tulua / Norte -Zarzal - Roldanillo,Roldanillo - El Dovio,2,21182.33772,21.18233772,6312.414399,1361.04042,4497.796564,9011.086337,0.0,404.4721988,16487.68527,0.0,4290.18025,0.0,0.0,0.0,5543.889131,13209.78195,2428.666635,0.0,0.0
10,VALLE DEL CAUCA,23VL10,SAN LUIS - LA UNION - QUEBRADAGRANDE,Norte,Norte -Zarzal - Roldanillo,La Union,2,15035.8095,15.0358095,3484.222675,1035.473456,2338.442825,8177.670547,0.0,0.0,13939.60243,0.0,1096.20707,0.0,0.0,0.0,2816.325524,5910.914383,5203.537782,1105.031815,0.0
11,VALLE DEL CAUCA,23VL13,TRUJILLO - RIO FRIO,Centro,Centro - Tulua,Trujillo - Riofrio,2,10754.95906,10.75495906,2965.271809,454.8649896,1050.794474,6284.027792,0.0,0.0,10444.55462,0.0,310.4044461,0.0,0.0,0.0,10144.01362,509.8044733,101.1409753,0.0,0.0
12,VALLE DEL CAUCA,23VL13-1,DARIEN - FENICIA - TRUJILLO,Centro,Centro Tulua / Centro - Buga,Darien - Riofrio - Trujillo,3,72547.63019,72.54763019,24847.43577,5893.262119,16484.19027,25322.74203,193.6795444,44191.75861,20866.02492,98.99802492,3426.549288,3770.61981,0.0,0.0,14270.19388,49833.50654,8237.657014,206.2727514,0.0
13,VALLE DEL CAUCA,23VL13-2,TRUJILLO - LA TULIA - ROLDANILLO,Centro- Norte,Centro - Tulua / Norte -Zarzal - Roldanillo,Trujillo- Bolivar-Roldanillo,2,46548.083,46.548083,15727.41853,4341.435524,8030.89096,18448.33798,0.0,13223.41044,31623.82996,0.0,1062.335566,638.5070295,0.0,0.0,3399.626713,33132.38719,9293.237186,722.831903,0.0
14,VALLE DEL CAUCA,23VL13-3,VERSALLES - ARGELIA,Norte,Norte - Cartago,Argelia,3,41176.56838,41.17656838,15419.36763,3749.675388,7522.270243,14485.25511,0.0,27040.48914,11473.46048,100.2707198,2030.070319,532.2777213,0.0,0.0,10951.47432,26472.4749,3158.254278,594.3648726,0.0
15,VALLE DEL CAUCA,23VL13-5,ANSERMANUEVO - LA QUIEBRA DE SAN PABLO - EL AGUILA,Norte,Norte - Cartago,Ansermanuevo - El Aguila,2,27577.12769,27.57712769,11226.02146,1865.507473,5399.318421,9086.280328,100.4549868,666.9126345,21243.34254,0.0,5566.417529,0.0,0.0,0.0,6156.420576,11119.86493,6782.910509,3517.931671,0.0
16,VALLE DEL CAUCA,23VL13-7,EL DOVIO - QUEBRADAGRANDE - VERSALLES.,Norte,Norte -Zarzal - Roldanillo,Versalles,2,19670.59339,19.67059339,3380.376612,825.3457175,3995.375877,11469.49518,0.0,199.4559089,14815.94067,0.0,4610.154764,45.04204113,0.0,0.0,4906.145754,13366.17684,1398.270793,0.0,0.0
17,VALLE DEL CAUCA,23VL13-9,ARGELIA - LA MARINA,Norte,Norte - Cartago,Argelia,2,2691.448111,2.691448111,1190.179487,54.45013732,804.839367,641.97912,0.0,0.0,0.0,0.0,2691.448111,0.0,0.0,0.0,860.0701211,1633.622639,197.7553512,0.0,0.0
18,VALLE DEL CAUCA,23VL14,CALI - YUMBO (VIA ANTIGUA),Sur,Sur - Cali,Yumbo,1,12346.90258,12.34690258,577.9445492,214.112854,722.3464218,10832.49876,0.0,0.0,11398.19055,0.0,948.7120338,0.0,0.0,0.0,11001.45809,396.7324638,948.7120338,0.0,0.0
19,VALLE DEL CAUCA,23VL15,QUEBRADA GRANDE - TORO,Norte,Norte -Zarzal - Roldanillo,Toro - La Union,2,16514.40773,16.51440773,5645.070737,1442.168109,3339.848457,6087.32043,159.705418,15361.16075,739.1649594,0.0,29.84509906,224.5315039,0.0,0.0,3505.936518,4850.560085,8157.911129,0.0,0.0
20,VALLE DEL CAUCA,23VLA,PASO POR VIJES,Sur,Sur - Cali,Vijes,3,2877.215682,2.877215682,709.5456735,325.2307499,762.8205152,1079.618744,0.0,2877.215682,0.0,0.0,0.0,0.0,0.0,0.0,346.027458,1460.845422,1070.342802,0.0,0.0
21,VALLE DEL CAUCA,25VL02,EL PLACER - CRUCE SANTA ELENA - HACIENDA EL PARAISO,Sur,Sur- Palmira,El Cerrito,2,11732.48312,11.73248312,1033.168637,237.8897527,1120.528804,9340.895929,0.0,2545.94701,9186.536113,0.0,0.0,0.0,0.0,0.0,11522.42975,0.0,0.0,210.0533777,0.0
22,VALLE DEL CAUCA,25VL03,RAMAL A GINEBRA,Sur,Sur- Palmira,Ginebra,2,5089.673086,5.089673086,0.0,0.0,53.06453986,5036.608546,0.0,0.0,5089.673086,0.0,0.0,0.0,0.0,0.0,2388.184581,503.0478638,1999.205585,199.2350563,0.0
23,VALLE DEL CAUCA,25VL03-1,GINEBRA - EL CERRITO,Sur,Sur- Palmira,Ginebra - El Cerrito,2,5839.959402,5.839959402,0.0,25.75114916,132.4127934,5681.795459,0.0,0.0,5758.732173,0.0,81.2272295,0.0,0.0,0.0,4422.115161,1316.907806,100.9364351,0.0,0.0
24,VALLE DEL CAUCA,25VL04,RÌO FRÌO - TULUA,Centro,Centro - Tulua,Tulua,2,11940.83736,11.94083736,0.0,0.0,22.89575195,11917.94161,0.0,301.7021162,11639.13524,0.0,0.0,0.0,0.0,0.0,105.9737817,11725.16008,0.0,0.0,109.7034971
25,VALLE DEL CAUCA,25VL05,ZARZAL - ROLDANILLO,Norte,Norte - Zarzal - Rodanillo,Roldanillo - Zarzal,2,8192.544196,8.192544196,67.91896447,0.0,421.8308331,7702.794399,32.22747945,0.0,7858.847151,0.0,301.4695658,0.0,0.0,0.0,4777.533225,2901.534703,411.0611285,102.4151398,0.0
26,VALLE DEL CAUCA,25VL06,LA VICTORIA - LA UNION,Norte,Norte - Zarzal - Rodanillo,Roldanillo - Zarzal,2,6346.944441,6.346944441,124.8851237,50.42054604,73.43530608,6098.203465,0.0,0.0,6346.944441,0.0,0.0,0.0,0.0,0.0,4589.525941,1757.4185,0.0,0.0,0.0
27,VALLE DEL CAUCA,25VL08,AMAIME - CRUCE VIA 3401,Sur,Sur - Palmira,Palmira,2,8391.668195,8.391668195,26.87372127,0.0,231.7808994,8133.013574,0.0,6225.705766,2057.333441,108.6289874,0.0,0.0,0.0,0.0,4222.903337,4068.008558,100.7562995,0.0,0.0
28,VALLE DEL CAUCA,25VL09,JAMUNDI - ROBLES - TIMBA,Sur,Sur - Cali,Jamundi,2,22037.59948,22.03759948,2698.651651,843.8625771,1979.745142,16515.34011,0.0,339.9611737,20825.76113,0.0,871.8771682,0.0,0.0,0.0,7168.744967,14440.96618,427.8883301,0.0,0.0
29,VALLE DEL CAUCA,25VL09-1,CRUCE JAMUNDI - POTRERITO,Sur,Sur - Cali,Jamundi,2,3573.414195,3.573414195,4.384166527,47.15317945,70.35711702,3451.519732,0.0,0.0,86.19352883,99.8152028,3387.405463,0.0,0.0,0.0,0.0,3573.414195,0.0,0.0,0.0
30,VALLE DEL CAUCA,25VL10,CAÌ‘AS GORDAS - JAMUNDI (PUENTE RIO PANCE - GLORIETA ALFAGUARA),Sur,Sur - Cali,Jamundi,2,5674.016703,5.674016703,0.0,10.12242672,128.8680056,5535.026271,295.777082,0.0,4899.174755,0.0,479.0648661,0.0,0.0,0.0,296.1108987,5278.637929,99.26787483,0.0,0.0
31,VALLE DEL CAUCA,25VL13,CANDELARIA - PRADERA,Sur,Sur - Cali,Candelaria - Pradera,2,12038.35318,12.03835318,0.0,0.0,8.313330765,12030.03985,0.0,0.0,11937.471,0.0,0.0,0.0,100.8821743,0.0,11384.22309,654.1300911,0.0,0.0,0.0
32,VALLE DEL CAUCA,25VL13-1,PALMIRA - BOLO MADREVIEJA - CRUCE CANDELARIA,Sur,Sur - Palmira,Palmira - Candelaria,2,12977.07289,12.97707289,10.34025812,0.0,32.25823184,12934.4744,96.79721542,11934.9471,858.5893201,0.0,86.73925865,0.0,0.0,0.0,2699.318736,10079.58665,198.1675053,0.0,0.0
33,VALLE DEL CAUCA,25VL14,CORONADO - ROZO - CRUCE RUTA 25VL01-1,Sur,Sur - Palmira,Palmira,2,13259.55087,13.25955087,0.0,1.550222941,57.45122372,13200.54942,0.0,0.0,12797.66255,0.0,461.8883224,0.0,0.0,0.0,10835.02654,2424.524328,0.0,0.0,0.0
34,VALLE DEL CAUCA,25VL15,GUACARI - GUABAS,Centro,Centro - Buga,Guacari,2,4116.989013,4.116989013,0.0,0.0,0.0,4116.989013,194.2545048,0.0,3922.734509,0.0,0.0,0.0,0.0,0.0,102.1566311,4014.832382,0.0,0.0,0.0
35,VALLE DEL CAUCA,25VL17,BUGA - LA HABANA - TRES ESQUINAS,Centro,Centro - Buga,Buga,2,12659.77675,12.65977675,2467.156239,571.0919902,4000.161195,5621.367322,69.80912353,416.5380647,12173.42956,0.0,0.0,0.0,0.0,0.0,3008.821685,9150.509414,500.4456469,0.0,0.0
36,VALLE DEL CAUCA,25VL22,TULUA - SAN RAFAEL - BARRAGAN - LA UNIÓN - LIMITE TOLIMA (VIA A RONCESVALLES),Centro,Centro - Tulua,Tulua- Andalucia - Sevilla,2,97425.2781,97.4252781,39964.23032,7551.791429,19007.23765,30902.0187,2332.584781,74455.06963,20435.53346,0.0,202.0902318,0.0,0.0,0.0,12317.71325,52697.04113,26954.00959,5456.514119,0.0
37,VALLE DEL CAUCA,25VL25,ANDALUCIA - TAMBORAL - EL SALTO- TRES ESQUINAS - TULUA,Centro,Centro - Tulua,Tulua - Andalucia,2,16186.89059,16.18689059,17.25955254,0.0,79.65616923,16089.97486,205.2881427,489.9390924,10751.75447,0.0,4739.908882,0.0,0.0,0.0,6162.293507,9145.454532,879.1425462,0.0,0.0
38,VALLE DEL CAUCA,25VL30,LA VICTORIA - CRUCE RUTA 2506,Norte,Norte - Zarzal - Rodanillo,La Victoria,2,925.1535363,0.9251535363,200.5923507,150.3887109,252.4075053,321.7649694,0.0,0.0,925.1535363,0.0,0.0,0.0,0.0,0.0,329.1401462,495.9648543,100.0485359,0.0,0.0
39,VALLE DEL CAUCA,25VL31,OBANDO - VILLA RODAS - CRUCE RUTA NACIONAL 25VL07,Norte,Norte - Cartago,Cartago - Obando,2,37436.71254,37.43671254,12561.14493,2475.469561,7693.444598,14706.65345,3935.815455,26647.82257,3336.451605,0.0,403.9960057,3112.6269,0.0,0.0,3230.175574,15449.27961,13514.30194,5242.955407,0.0
40,VALLE DEL CAUCA,25VL32,CRUCE PANCE - PUERTO TEJADA (PUENTE EL HORMIGUERO),Sur,Sur - Cali,Cali,1,7031.878559,7.031878559,0.0,0.0,14.36509136,7017.513468,0.0,0.0,7031.878559,0.0,0.0,0.0,0.0,0.0,2924.44319,4107.435369,0.0,0.0,0.0
41,VALLE DEL CAUCA,25VL34,TULUA (CRUCE A SAN RAFAEL) - LA MARINA,Centro,Centro - Tulua,Tulua,2,9830.554574,9.830554574,2453.586635,951.1881513,2593.748082,3832.031706,101.887938,0.0,9728.666636,0.0,0.0,0.0,0.0,0.0,8930.358301,607.0702931,293.1259804,0.0,0.0
42,VALLE DEL CAUCA,25VL35,GUACARI - GUABITAS - TRES ESQUINAS - GINEBRA,Centro,Centro - Buga,Guacari - Ginebra,2,7135.664496,7.135664496,1.409475148,7.938520008,1.712076051,7124.604425,1051.906221,2997.523914,97.5589332,0.0,2988.675428,0.0,0.0,0.0,835.1870839,5899.83267,400.6447424,0.0,0.0
43,VALLE DEL CAUCA,25VL36,TIMBA - PUENTE LA BALSA,Sur,Sur - Cali,Jamundi,2,4030.928021,4.030928021,36.07096269,22.98448549,20.46266128,3951.409911,84.12879851,0.0,3846.371972,100.4272504,0.0,0.0,0.0,0.0,2988.063971,1022.401388,20.46266128,0.0,0.0
44,VALLE DEL CAUCA,25VL37,JAMUNDI - VEREDA DE SÁNCHEZ - PASO DE LA BOLSA,Sur,Sur - Cali,Jamundi,2,8806.57503,8.80657503,9.72157674,0.0,0.0,8796.853453,0.0,94.89742732,7976.1566,0.0,735.521003,0.0,0.0,0.0,495.4808209,7825.027035,486.0671739,0.0,0.0
45,VALLE DEL CAUCA,25VLE,PASO POR BUGA,Centro,Centro - Buga,Buga,2,3117.278547,3.117278547,15.85017056,68.46456469,279.2443541,2753.719457,0.0,295.4323934,2821.846153,0.0,0.0,0.0,0.0,0.0,1509.060667,1608.21788,0.0,0.0,0.0
46,VALLE DEL CAUCA,25VLF,PASO POR PRESIDENTE,Centro,Centro - Tulua,San Pedro,2,1465.447647,1.465447647,0.0,0.0,103.9352628,1361.512384,0.0,202.8995077,1262.548139,0.0,0.0,0.0,0.0,0.0,0.0,1465.447647,0.0,0.0,0.0
47,VALLE DEL CAUCA,25VLG,PASO POR SAN PEDRO,Centro,Centro - Tulua,San Pedro,2,4215.717277,4.215717277,120.9894111,3.988221212,370.0297151,3720.70993,0.0,0.0,4215.717277,0.0,0.0,0.0,0.0,0.0,100.9357472,4114.78153,0.0,0.0,0.0
48,VALLE DEL CAUCA,25VLK-1,PASO POR LA VICTORIA (ENTRADA NORTE),Norte,Norte - Zarzal - Rodanillo,La Victoria,2,3005.66973,3.00566973,394.0539642,188.5612623,671.1883867,1751.866117,0.0,0.0,2806.171349,0.0,199.4983806,0.0,0.0,0.0,1352.317432,496.6904779,1156.66182,0.0,0.0
49,VALLE DEL CAUCA,25VLK,PASO POR LA VICTORIA (ENTRADA SUR),Norte,Norte - Zarzal - Rodanillo,La Victoria,2,4940.542457,4.940542457,414.4278091,157.7417652,576.8027484,3791.570134,0.0,0.0,4940.542457,0.0,0.0,0.0,0.0,0.0,464.7662701,4475.776186,0.0,0.0,0.0
50,VALLE DEL CAUCA,2901B,ALCALA - PEREIRA (SECTOR ALCALA - LIMITE RISARALDA),Norte,Norte - Cartago,Alcala - Ulloa,2,6960.546398,6.960546398,1635.310148,265.0224583,1122.347368,3937.866424,102.8703886,0.0,6857.676009,0.0,0.0,0.0,0.0,0.0,511.1173918,5649.039741,591.0328469,209.3564178,0.0
51,VALLE DEL CAUCA,29VL01,ALCALA - ULLOA,Norte,Norte - Cartago,Alcala - Ulloa,2,5731.218998,5.731218998,1795.794693,503.6849488,1464.67708,1967.062276,0.0,100.7015754,0.0,0.0,5630.517422,0.0,0.0,0.0,2719.660801,2520.716381,490.8418152,0.0,0.0
52,VALLE DEL CAUCA,29VL02,ALCALA - MARAVELEZ - LIMITE QUINDIO (VIA A FILANDIA),Norte,Norte - Cartago,Alcala,2,10350.65767,10.35065767,3547.957671,548.271978,2692.863861,3561.564163,0.0,3321.36171,5736.043156,0.0,509.3144599,783.9383475,0.0,0.0,783.9383475,6323.00106,3186.651033,57.06723258,0.0
53,VALLE DEL CAUCA,29VL03,ALCALA - LA CUCHILLA - LIMITE QUINDIO (VIA A FILANDIA),Norte,Norte - Cartago,Alcala,2,8879.023262,8.879023262,2554.731289,678.4833486,2553.480266,3092.328357,0.0,1225.052545,6295.446899,0.0,1358.523817,0.0,0.0,0.0,798.5606595,5791.311203,1548.769125,740.3822743,0.0
54,VALLE DEL CAUCA,29VL04,CRUCE CENTRAL PEREIRA - MONTEZUMA - ULLOA,Norte,Norte - Cartago,Ulloa,2,8049.077206,8.049077206,2318.629482,520.2394969,2180.073066,3030.135161,47.17237864,4129.54764,2169.46149,0.0,626.2941624,1076.601535,0.0,0.0,1260.494274,5252.650245,1535.932687,0.0,0.0
55,VALLE DEL CAUCA,29VL05,ULLOA - CHAPINERO - LIMITE QUINDIO (VIA A FILANDIA),Norte,Norte - Cartago,Ulloa,2,4581.388744,4.581388744,1562.563979,226.0199991,647.0503833,2145.754383,0.0,3674.188362,0.0,0.0,17.71822736,889.4821544,0.0,0.0,888.7256747,2002.538143,1690.124926,0.0,0.0
56,VALLE DEL CAUCA,31VL01,FLORIDA - CHOCOCITO - TARRAGONA - PUENTE EL ORTIGAL,Sur,Sur - Palmira,Florida,2,14043.92325,14.04392325,0.0,0.0,103.4363722,13940.48688,0.0,201.9814665,13841.94178,0.0,0.0,0.0,0.0,0.0,3761.21295,9279.901989,904.7466471,98.06166113,0.0
57,VALLE DEL CAUCA,31VL05,AGUACLARA - LA BUITRERA,Sur,Sur - Palmira,Palmira,2,5477.725445,5.477725445,935.775261,417.6608494,1382.437847,2741.851487,0.0,209.5282498,5268.197195,0.0,0.0,0.0,0.0,0.0,4472.515001,1005.210444,0.0,0.0,0.0
58,VALLE DEL CAUCA,3201-1,KM 30 (BORRERO AYERBE) - EL CARMEN,Sur,Sur - Palmira,Dagua,3,3824.905357,3.824905357,956.656879,245.9349217,822.6654169,1799.64814,0.0,203.2222029,3621.683154,0.0,0.0,0.0,0.0,0.0,1514.975799,2206.7476,103.1819583,0.0,0.0
59,VALLE DEL CAUCA,3202A,CALI - CRUCE CANDELARIA,Sur,Sur - Palmira,Candelaria,1,17301.84761,17.30184761,4.77248906,25.33357529,66.17793303,17205.56361,0.0,206.946558,17094.90105,0.0,0.0,0.0,0.0,0.0,7596.464524,9705.383084,0.0,0.0,0.0
60,VALLE DEL CAUCA,3202B,CRUCE CANDELARIA - CRUCERO LA INDUSTRIA,Sur,Sur - Palmira,Florida - Candelaria,2,12004.94984,12.00494984,0.0,0.0,0.0,12004.94984,0.0,320.059417,3017.021262,0.0,8667.869157,0.0,0.0,0.0,627.6431753,9187.699092,2189.607569,0.0,0.0
61,VALLE DEL CAUCA,32VL01,CRUCE VIA 3201 - CRUCE RUTA 1901 (DAGUA),Sur,Sur - Cali,Dagua,2,9693.789982,9.693789982,2663.769976,760.5842111,1707.555113,4561.880682,0.0,9674.013958,19.77602389,0.0,0.0,0.0,0.0,0.0,1746.617568,7947.172414,0.0,0.0,0.0
62,VALLE DEL CAUCA,34VL01,TIENDA NUEVA - TABLONES - CEIBOS - PUENTE LAS AGUILAS,Sur,Sur - Palmira,Palmira,2,16046.18437,16.04618437,3668.069672,871.8754637,2226.766899,9279.472333,0.0,7326.723533,2642.920592,0.0,6044.580691,0.0,0.0,31.95955254,4132.851906,11410.21575,503.1167081,0.0,0.0
63,VALLE DEL CAUCA,4002A,URIBE - SEVILLA,Centro,Centro Tulua / Centro -  Sevilla,Bugalagrande - Sevilla,2,28863.32973,28.86332973,6202.608484,1204.144645,4847.088869,16609.48774,0.0,0.0,28863.32973,0.0,0.0,0.0,0.0,0.0,11062.91645,15502.61526,2297.798025,0.0,0.0
64,VALLE DEL CAUCA,4002A-1,SEVILLA - CAICEDONIA - LIMITE QUINDIO (RIO BARRAGAN)),Centro,Centro -  Sevilla - Caicedonia,Sevilla - Caicedonia,2,25526.46466,25.52646466,8234.926857,2468.793672,4091.016203,10731.72793,198.4466563,291.8978213,25036.12019,0.0,0.0,0.0,0.0,0.0,16063.23431,8126.301687,1336.928671,0.0,0.0
65,VALLE DEL CAUCA,40VL01,CUBA (CRUCE VIA 4002A-1) - ALAMBRADO,Centro,Centro -  Sevilla - Caicedonia,Sevilla - Caicedonia,2,9421.378664,9.421378664,1688.954694,624.4095145,1693.551638,5414.462817,0.0,0.0,9421.378664,0.0,0.0,0.0,0.0,0.0,4329.660834,3120.408565,1971.309265,0.0,0.0
66,VALLE DEL CAUCA,40VL02,COROZAL - SEVILLA,Centro,Centro -  Sevilla - Caicedonia,Sevilla,2,17951.90312,17.95190312,5322.87897,1235.270088,2594.751563,8799.002497,181.1325281,6728.807238,9224.886875,43.47713077,1668.323244,105.2761019,0.0,0.0,2314.964816,7847.648625,6810.540732,978.7489447,0.0
67,VALLE DEL CAUCA,40VL11,CRUCE RUTA 4001 - MADROÑAL - DARIEN,Centro,Centro - Buga,Calima Darien,2,18711.59073,18.71159073,3842.276903,975.286847,2788.169431,11105.85754,492.1111563,411.359812,17684.4796,123.6401596,0.0,0.0,0.0,0.0,3978.263324,14533.59427,199.7331366,0.0,0.0
68,VALLE DEL CAUCA,40VL12,DARIEN - JIGUALES - PUENTE TIERRA,Centro,Centro - Buga,Calima Darien,2,16542.52458,16.54252458,3313.891139,1073.410375,4339.635179,7815.587883,208.3843184,614.1548022,15719.98546,0.0,0.0,0.0,0.0,0.0,6579.40674,9963.117837,0.0,0.0,0.0
69,VALLE DEL CAUCA,40VL14,RESTREPO - CRUCE RUTA 4001,Centro,Centro - Buga,Restrepo,2,5238.753542,5.238753542,1761.990035,330.4146394,1425.384199,1720.964668,101.4969834,0.0,5137.256558,0.0,0.0,0.0,0.0,0.0,193.8976039,5044.855938,0.0,0.0,0.0
70,VALLE DEL CAUCA,40VL15,RESTREPO (CRUCE VIA 40VL14) - LOMA LARGA - CRUCE RUTA 4001,Centro,Centro - Buga,Restrepo - Calima,2,5509.106795,5.509106795,810.3635293,150.537908,497.8126261,4050.392731,100.0351396,0.0,5409.071655,0.0,0.0,0.0,0.0,0.0,0.0,5509.106795,0.0,0.0,0.0
71,VALLE DEL CAUCA,4802VL,CRUCE RUTA 2302 - ANSERMANUEVO - ALTO GALAPAGOS (LIMITE CHOCO),Norte,Norte -  Cartago,Ansermanuevo - Argelia - El Cairo,2,50883.89332,50.88389332,14895.24575,3531.307175,11392.11017,21065.23022,197.3472096,11679.75688,33303.61211,0.0,5703.177113,0.0,0.0,0.0,4284.982182,30717.79078,14410.30455,1470.815814,0.0
72,VALLE DEL CAUCA,48VL01,RAMAL EL CAIRO,Norte,Norte -  Cartago,El Cairo,2,15097.96077,15.09796077,5097.383181,917.3726569,2735.693641,6347.511289,0.0,291.6279969,14356.22092,0.0,450.1118539,0.0,0.0,0.0,8648.763908,4753.127001,1341.037218,355.0326402,0.0
